Date,Tag
2021-05-09,삼성SDS
2021-05-24,개
2021-05-25,돈
2021-06-08,뉴스
2021-07-12,상승
2021-07-13,삼성전자
2021-09-28,디지털
2021-11-15,한컴
2021-12-28,수리비
2022-01-03,카카오
2022-01-11,애플
2022-01-19,억
2022-03-14,한컴
2022-03-20,마스크
2022-03-27,풀리퀘]지금
2022-05-02,넷플릭스
2022-05-03,검색
2022-05-04,네이버
2022-05-23,네이버
2022-05-29,택시
2022-06-05,마트
2022-06-06,해부
2022-06-07,네이버
2022-06-08,로봇
2022-06-09,극
2022-06-22,카카오
2022-07-01,정부
2022-07-02,"풀리퀘]기계도,"
2022-07-11,정호영
2022-07-17,윤
2022-07-20,아마존
2022-07-27,혼란
2022-08-02,에이치
2022-08-03,라이프
2022-08-09,넷플릭스
2022-08-13,풀리퀘]
2022-08-23,이베이
2022-08-25,카카오
2022-08-28,풀리퀘]더
2022-09-23,한국
2022-09-28,웨어
2022-09-30,넘버스
2022-10-04,네이버
2022-10-07,국감
2022-10-25,무료
2022-10-27,메타
2022-11-01,시간
2022-11-02,휴먼
2022-11-03,먹
2022-11-04,공시
2022-11-06,홍은택
2022-11-07,네이버
2022-11-08,구글
2022-12-16,이중화
2022-12-27,상품
2023-01-11,카카오
2023-01-12,조
2023-01-17,불통
2023-01-18,공시
2023-01-24,검색
2023-01-25,배
2023-01-31,소상
2023-02-03,글로벌
2023-02-06,비대
2023-02-10,카카오
2023-03-15,네이버
2023-03-20,웹툰
2023-03-22,배당
2023-03-24,네이버
2023-03-29,공개
2023-03-31,카카오
2023-04-01,배달
2023-04-03,"마이리얼트립,"
2023-04-04,카카오
2023-04-06,네이버
2023-04-07,전기
2023-04-09,콘텐츠
2023-04-11,조
2023-04-13,리멤버
2023-04-14,카카오
2023-04-17,네이버
2023-04-18,네이버
2023-04-19,원
2023-04-21,이익
2023-04-24,네이버
2023-05-02,배
2023-05-03,서치
2023-05-04,다음
2023-05-05,카카오
2023-05-09,원티드
2023-05-10,네이버
2023-05-11,네이버
2023-05-12,네이버
2023-05-14,소상
2023-05-15,화해
2023-05-17,카카오
2023-05-21,대흥
2023-05-22,네이버
2023-05-23,네이버
2023-05-24,지그재그
2023-05-25,지그재그
2023-05-31,"커넥티드카,"
